InstitutionName,State,CurrentAdmissionsTestingPolicy
Aaniiih Nakoda College,MT,Test Optional
Abilene Christian University,TX,Test Optional
Abraham Lincoln University,CA,Test Optional
Academy College,MN,Test Optional
Academy of Art University,CA,Test Optional
Adams State University,CO,Test Optional
AdventHealth University,FL,Test Optional
Agape College of Business and Science,CA,Test Optional
Agnes Scott College,GA,Test Optional
Alabama A & M University,AL,Test Optional
Alabama State University,AL,Test Optional
Alaska Pacific University,AK,Test Free
Albany College of Pharmacy and Health Sciences,NY,Test Optional
Albertus Magnus College,CT,Test Optional
Albion College,MI,Test Optional
Albizu University-Miami,FL,Test Optional
Albright College,PA,Test Optional
Alice Lloyd College,KY,Test Optional
Allegheny College,PA,Test Optional
Allen College,IA,Test Optional
Allen University,SC,Test Optional
Alliant International University-San Diego,CA,Test Optional
Alma College,MI,Test Optional
Alpena Community College,MI,Test Optional
Alverno College,WI,Test Optional
Amberton University,TX,Test Free
America Evangelical University,CA,Test Optional
American Baptist College,TN,Test Optional
American Business and Technology University,MO,Test Optional
American InterContinental University,--,Test Optional
American InterContinental University-Atlanta,GA,Test Optional
American InterContinental University-Houston,TX,Test Optional
American International College,MA,Test Optional
American Islamic College,IL,Test Optional
American Medical Academy,FL,Test Optional
American Medical Sciences Center,CA,Test Optional
American Musical and Dramatic Academy,NY,Test Optional
American National University,VA,Test Optional
American National University-Pikeville,KY,Test Optional
American Public University System,--,Test Optional
American Samoa Community College,AS,Test Optional
American University,DC,Test Optional
American University of Health Sciences,CA,Test Optional
Amherst College,MA,Test Optional
Amridge University,--,Test Optional
Ana G. Mendez University,FL,Test Optional
Anderson University,IN,Test Optional
Anderson University,SC,Test Optional
Andrew College,GA,Test Optional
Andrews University,MI,Test Optional
Angeles College,CA,Test Optional
Angelo State University,TX,Test Optional
Anna Maria College,MA,Test Optional
Antelope Valley Community College District,CA,Test Optional
Antigua College International,FL,Test Optional
Antioch College,OH,Test Optional
Apex School of Theology,NC,Test Optional
Appalachian Bible College,WV,Test Optional
Aquinas College,MI,Test Optional
Arapahoe Community College,CO,Test Optional
Arcadia University,PA,Test Optional
Arizona Christian University,AZ,Test Optional
Arizona College of Nursing-Salt Lake City,UT,Test Optional
Arizona State University Campus Immersion,AZ,Test Optional
Arkansas Baptist College,AR,Test Optional
Arkansas State University,AR,Test Optional
Arlington Baptist University,TX,Test Optional
Art Academy of Cincinnati,OH,Test Optional
Art Center College of Design,CA,Test Optional
Asbury University,KY,Test Optional
Ascent College,VA,Test Optional
Ashland University,OH,Test Optional
Aspen University,AZ,Test Optional
Assumption University,MA,Test Optional
Atenas College,PR,Test Optional
ATI College-Whittier,CA,Test Optional
Atlantic University College,PR,Test Optional
Atlantis University,FL,Test Optional
Atlantis University-Florida Palms University,FL,Test Optional
Auburn University,AL,Test Optional
Augsburg University,MN,Test Free
Augustana College,IL,Test Optional
Augustana University,SD,Test Optional
Aultman College of Nursing and Health Sciences,OH,Test Optional
Aurora University,IL,Test Optional
Austin College,TX,Test Optional
Austin Peay State University,TN,Test Optional
Averett University,VA,Test Optional
Averett University-Non-Traditional Programs,VA,Test Optional
Aviator College of Aeronautical Science and Technology,FL,Test Optional
Avila University,MO,Test Optional
Azusa Pacific University,CA,Test Optional
Babson College,MA,Test Optional
Baker College,MI,Test Optional
Baker University,KS,Test Optional
Bakersfield College,CA,Test Optional
Baldwin Wallace University,OH,Test Optional
Ball State University,IN,Test Optional
Baptist Bible College,MO,Test Optional
Baptist Missionary Association Theological Seminary,TX,Test Optional
Baptist University of the Americas,TX,Test Optional
Barclay College,KS,Test Optional
Bard College,NY,Test Optional
Bard College at Simon's Rock,MA,Test Optional
Barry University,FL,Test Optional
Barton College,NC,Test Optional
Bates College,ME,Test Optional
Bay Mills Community College,MI,Test Optional
Bay Path University,MA,Test Optional
Bay State College,MA,Test Optional
Beacon College,FL,Test Optional
Beal University,ME,Test Optional
Beckfield College-Florence,KY,Test Optional
Beis Medrash Heichal Dovid,NY,Test Optional
Belhaven University,MS,Test Optional
Bellarmine University,KY,Test Optional
Bellevue College,WA,Test Optional
Bellevue University,NE,Test Optional
Bellin College,WI,Test Optional
Bellingham Technical College,WA,Test Optional
Belmont Abbey College,NC,Test Optional
Belmont University,TN,Test Optional
Beloit College,WI,Test Optional
Bemidji State University,MN,Test Optional
Benedict College,SC,Test Optional
Benedictine College,KS,Test Optional
Benedictine University,IL,Test Optional
Benjamin Franklin Cummings Institute of Technology,MA,Test Optional
Bennett College,NC,Test Optional
Bennington College,VT,Test Optional
Berea College,KY,Test Optional
Bergin Universiy,CA,Test Optional
Berkeley College-New York,NY,Test Optional
Berkeley College-Woodland Park,NJ,Test Optional
Berklee College of Music,MA,Test Optional
Berry College,GA,Test Optional
Beth Medrash Govoha,NJ,Test Optional
Bethany College,WV,Test Optional
Bethany College,KS,Test Optional
Bethany Global University,MN,Test Optional
Bethany Lutheran College,MN,Test Optional
Bethel College-North Newton,KS,Test Optional
Bethel University,MN,Test Optional
Bethel University,TN,Test Optional
Bethel University,IN,Test Optional
Bethesda University,CA,Test Optional
Bethune-Cookman University,FL,Test Optional
Beulah Heights University,GA,Test Optional
Beverly Hills Design Institute,CA,Test Optional
Binghamton University,NY,Test Optional
Biola University,CA,Test Optional
Bismarck State College,ND,Test Optional
Black Hills State University,SD,Test Optional
Blackburn College,IL,Test Optional
Bloomfield College,NJ,Test Optional
Bloomsburg University of Pennsylvania,PA,Test Optional
Bluefield State University,WV,Test Optional
Bluefield University,VA,Test Optional
Bluffton University,OH,Test Optional
Bob Jones University,SC,Test Optional
Boise State University,ID,Test Free
Boricua College,NY,Test Optional
Boston Architectural College,MA,Test Optional
Bowdoin College,ME,Test Optional
Bowie State University,MD,Test Optional
Bowling Green State University-Firelands,OH,Test Optional
Bradley University,IL,Test Free
Brandeis University,MA,Test Optional
Brazosport College,TX,Test Optional
Brenau University,GA,Test Optional
Brescia University,KY,Test Optional
Brevard College,NC,Test Optional
Brewton-Parker College,GA,Test Optional
Bridgewater College,VA,Test Optional
Bridgewater State University,MA,Test Optional
Broadview College,UT,Test Optional
Brookline College-Albuquerque,NM,Test Optional
Brookline College-Phoenix,AZ,Test Optional
Brookline College-Tempe,AZ,Test Optional
Brookline College-Tucson,AZ,Test Optional
Broward College,FL,Test Optional
Bryan College of Health Sciences,NE,Test Optional
Bryan College-Dayton,TN,Test Optional
Bryan University,AZ,Test Optional
Bryan University,MO,Test Optional
Bryant & Stratton College-Albany,NY,Test Optional
Bryant & Stratton College-Buffalo,NY,Test Optional
Bryant & Stratton College-Greece,NY,Test Optional
Bryant & Stratton College-Parma,OH,Test Optional
Bryant & Stratton College-Syracuse North,NY,Test Optional
Bryant & Stratton College-Virginia Beach,VA,Test Optional
Bryant & Stratton College-Wauwatosa,WI,Test Optional
Bryant University,RI,Test Optional
Bryn Athyn College of the New Church,PA,Test Optional
Bryn Mawr College,PA,Test Optional
Buena Vista University,IA,Test Optional
Bushnell University,OR,Test Optional
Butler University,IN,Test Optional
Cairn University-Langhorne,PA,Test Optional
Caldwell University,NJ,Test Optional
California Aeronautical University,CA,Test Optional
California Baptist University,CA,Test Free
California Christian College,CA,Test Optional
California College of the Arts,CA,Test Optional
California Institute of Arts & Technology,CA,Test Optional
California Institute of Arts & Technology-National City,CA,Test Optional
California Institute of the Arts,CA,Test Optional
California Intercontinental University,--,Test Optional
California Jazz Conservatory,CA,Test Optional
California Lutheran University,CA,Test Optional
California Miramar University,CA,Test Optional
California Northstate University,CA,Test Optional
California Polytechnic State University-San Luis Obispo,CA,Test Free
California State Polytechnic University-Humboldt,CA,Test Free
California State Polytechnic University-Pomona,CA,Test Free
California State University Maritime Academy,CA,Test Free
California State University-Bakersfield,CA,Test Free
California State University-Channel Islands,CA,Test Free
California State University-Chico,CA,Test Free
California State University-Dominguez Hills,CA,Test Free
California State University-East Bay,CA,Test Free
California State University-Fresno,CA,Test Free
California State University-Fullerton,CA,Test Free
California State University-Long Beach,CA,Test Free
California State University-Los Angeles,CA,Test Free
California State University-Monterey Bay,CA,Test Free
California State University-Northridge,CA,Test Free
California State University-Sacramento,CA,Test Free
California State University-San Bernardino,CA,Test Free
California State University-San Marcos,CA,Test Free
California State University-Stanislaus,CA,Test Free
California University of Management and Sciences,CA,Test Optional
California University of Pennsylvania,PA,Test Optional
Calumet College of Saint Joseph,IN,Test Optional
Calvin University,MI,Test Optional
Cameron University,OK,Test Optional
Campbellsville University,KY,Test Optional
Canisius College,NY,Test Free
Capella University,MN,Test Optional
Capital University,OH,Test Optional
Capitol Technology University,MD,Test Optional
Career Networks Institute,CA,Test Optional
Caribbean University-Bayamon,PR,Test Optional
Caribbean University-Carolina,PR,Test Optional
Caribbean University-Ponce,PR,Test Optional
Caribbean University-Vega Baja,PR,Test Optional
Carlow University,PA,Test Optional
Carolina Christian College,NC,Test Optional
Carolina University,NC,Test Optional
Carolinas College of Health Sciences,NC,Test Optional
Carroll College,MT,Test Optional
Carroll University,WI,Test Optional
Carson-Newman University,TN,Test Optional
Carthage College,WI,Test Optional
Cascadia College,WA,Test Optional
Case Western Reserve University,OH,Test Optional
Castleton University,VT,Test Optional
Catawba College,NC,Test Optional
CBD College,CA,Test Optional
Cedarville University,OH,Test Optional
CEM College-Bayamon,PR,Test Optional
CEM College-Humacao,PR,Test Optional
CEM College-Mayaguez,PR,Test Optional
CEM College-San Juan,PR,Test Optional
Centenary College of Louisiana,LA,Test Optional
Centenary University,NJ,Test Optional
Central Christian College of Kansas,KS,Test Optional
Central College,IA,Test Optional
Central Connecticut State University,CT,Test Optional
Central Methodist University-College of Graduate and Extended Studies,MO,Test Optional
Central Methodist University-College of Liberal Arts and Sciences,MO,Test Optional
Central Michigan University,MI,Test Optional
Central Ohio Technical College,OH,Test Optional
Central Penn College,PA,Test Optional
Central State University,OH,Test Optional
Central Washington University,WA,Test Optional
Central Wyoming College,WY,Test Optional
Central Yeshiva Tomchei Tmimim Lubavitz,NY,Test Optional
Centralia College,WA,Test Optional
Centre College,KY,Test Optional
Centura College-Chesapeake,VA,Test Optional
Centura College-Virginia Beach,VA,Test Optional
Century College,MN,Test Optional
Chadron State College,NE,Test Optional
Chamberlain University-Arizona,AZ,Test Optional
Chamberlain University-California,CA,Test Optional
Chamberlain University-Florida,FL,Test Optional
Chamberlain University-Georgia,GA,Test Optional
Chamberlain University-Illinois,IL,Test Optional
Chamberlain University-Indiana,IN,Test Optional
Chamberlain University-Louisiana,LA,Test Optional
Chamberlain University-Michigan,MI,Test Optional
Chamberlain University-Missouri,MO,Test Optional
Chamberlain University-Nevada,NV,Test Optional
Chamberlain University-New Jersey,NJ,Test Optional
Chamberlain University-North Carolina,NC,Test Optional
Chamberlain University-Ohio,OH,Test Optional
Chamberlain University-Texas,TX,Test Optional
Chamberlain University-Virginia,VA,Test Optional
Chaminade University of Honolulu,HI,Test Optional
Champlain College,VT,Test Optional
Chapman University,CA,Test Optional
Charles R Drew University of Medicine and Science,CA,Test Optional
Charleston Southern University,SC,Test Optional
Charlotte Christian College and Theological Seminary,NC,Test Optional
Charter College,WA,Test Optional
Charter Oak State College,CT,Test Optional
Chatham University,PA,Test Optional
Chestnut Hill College,PA,Test Optional
Cheyney University of Pennsylvania,PA,Test Optional
Chicago State University,IL,Test Optional
Chipola College,FL,Test Optional
Chowan University,NC,Test Optional
Christian Brothers University,TN,Test Optional
Christian Life College,IL,Test Optional
Christopher Newport University,VA,Test Optional
Cincinnati State Technical and Community College,OH,Test Optional
Citadel Military College of South Carolina,SC,Test Optional
City College-Gainesville,FL,Test Optional
City College-Miami,FL,Test Optional
City University of Seattle,WA,Test Optional
City Vision University,--,Test Optional
Clarion University of Pennsylvania,PA,Test Optional
Clark College,WA,Test Optional
Clark State College,OH,Test Optional
Clark University,MA,Test Optional
Clarke University,IA,Test Optional
Clarkson College,NE,Test Optional
Clarkson University,NY,Test Optional
Clear Creek Baptist Bible College,KY,Test Optional
Cleary University,MI,Test Optional
Clemson University,SC,Test Optional
Cleveland Institute of Art,OH,Test Optional
Cleveland Institute of Music,OH,Test Optional
Cleveland University-Kansas City,KS,Test Optional
Clinton College,SC,Test Optional
Coastal Carolina University,SC,Test Optional
Coe College,IA,Test Optional
Coker University,SC,Test Optional
Colby College,ME,Test Optional
Colby-Sawyer College,NH,Test Optional
College for Creative Studies,MI,Test Optional
College of Biblical Studies,TX,Test Optional
College of Biblical Studies-Houston,TX,Test Optional
College of Central Florida,FL,Test Optional
College of Menominee Nation,WI,Test Optional
College of Micronesia-FSM,FM,Test Optional
College of Mount Saint Vincent,NY,Test Optional
College of Our Lady of the Elms,MA,Test Optional
College of Saint Benedict,MN,Test Optional
College of Saint Mary,NE,Test Optional
College of Southern Idaho,ID,Test Optional
College of Southern Nevada,NV,Test Optional
College of the Atlantic,ME,Test Optional
College of the Holy Cross,MA,Test Optional
College of the Marshall Islands,MH,Test Optional
College Unbound,RI,Test Optional
Collin County Community College District,TX,Test Optional
Colorado College,CO,Test Optional
Colorado Mesa University,CO,Test Optional
Colorado Mountain College,CO,Test Optional
Colorado School of Mines,CO,Test Optional
Colorado State University Pueblo,CO,Test Optional
Colorado State University-Fort Collins,CO,Test Optional
Colorado Technical University-Colorado Springs,CO,Test Optional
Columbia Basin College,WA,Test Optional
Columbia Central University,PR,Test Optional
Columbia Central University-Yauco,PR,Test Optional
Columbia College,SC,Test Optional
Columbia College,MO,Test Optional
Columbia College Chicago,IL,Test Free
Columbia College Hollywood,CA,Test Optional
Columbia International University,SC,Test Optional
Columbia Southern University,AL,Test Optional
Columbia University in the City of New York,NY,Test Optional
Columbus College of Art and Design,OH,Test Optional
Community College of Denver,CO,Test Optional
Concord University,WV,Test Optional
Concordia College at Moorhead,MN,Test Optional
Concordia University Ann Arbor,MI,Test Optional
Concordia University Texas,TX,Test Optional
Concordia University-Chicago,IL,Test Optional
Concordia University-Irvine,CA,Test Optional
Concordia University-Nebraska,NE,Test Optional
Concordia University-Saint Paul,MN,Test Optional
Concordia University-Wisconsin,WI,Test Optional
Connecticut College,CT,Test Optional
Conservatory of Music of Puerto Rico,PR,Test Optional
Converse University,SC,Test Optional
Coppin State University,MD,Test Optional
Corban University,OR,Test Optional
Cornell College,IA,Test Optional
Cornish College of the Arts,WA,Test Optional
Cottey College,MO,Test Optional
Creighton University,NE,Test Optional
Criswell College,TX,Test Optional
Crowley's Ridge College,AR,Test Optional
Crown College,MN,Test Optional
Culinary Institute of America,NY,Test Optional
Culver-Stockton College,MO,Test Optional
Cumberland University,TN,Test Optional
Curry College,MA,Test Optional
Curtis Institute of Music,PA,Test Optional
Cypress College,CA,Test Optional
D'Youville  University,NY,Test Optional
Daemen University,NY,Test Optional
Dakota State University,SD,Test Optional
Dakota Wesleyan University,SD,Test Optional
Dallas Baptist University,TX,Test Optional
Dallas Christian College,TX,Test Optional
Dallas College,TX,Test Optional
Davenport University,MI,Test Optional
Davidson College,NC,Test Optional
Davis & Elkins College,WV,Test Optional
Davis College,NY,Test Optional
Daytona College,FL,Test Optional
Daytona State College,FL,Test Optional
Dean College,MA,Test Optional
Defiance College,OH,Test Optional
Delaware State University,DE,Test Optional
Delaware Valley University,PA,Test Optional
Denison University,OH,Test Optional
DePaul University,IL,Test Optional
DePauw University,IN,Test Optional
DeSales University,PA,Test Optional
Design Institute of San Diego,CA,Test Optional
DeVry College of New York,NY,Test Optional
DeVry University-Arizona,AZ,Test Optional
DeVry University-California,CA,Test Optional
DeVry University-Florida,FL,Test Optional
DeVry University-Georgia,GA,Test Optional
DeVry University-Illinois,IL,Test Optional
DeVry University-Missouri,MO,Test Optional
DeVry University-Nevada,NV,Test Optional
DeVry University-New Jersey,NJ,Test Optional
DeVry University-Ohio,OH,Test Optional
DeVry University-Pennsylvania,PA,Test Optional
DeVry University-Tennessee,TN,Test Optional
DeVry University-Texas,TX,Test Optional
DeVry University-Virginia,VA,Test Optional
Dewey University-Carolina,PR,Test Optional
Dewey University-Hato Rey,PR,Test Optional
Dewey University-Juana Díaz,PR,Test Optional
Dewey University-Manati,PR,Test Optional
Dharma Realm Buddhist University,CA,Test Optional
Dickinson College,PA,Test Optional
Dickinson State University,ND,Test Optional
DigiPen Institute of Technology,WA,Test Optional
Dillard University,LA,Test Optional
Dine College,AZ,Test Optional
Divine Word College,IA,Test Optional
Doane University,NE,Test Optional
Dominican University,IL,Test Optional
Dominican University New York,NY,Test Optional
Dominican University of California,CA,Test Optional
Donnelly College,KS,Test Optional
Dordt University,IA,Test Optional
Drake University,IA,Test Optional
Drew University,NJ,Test Optional
Drury University,MO,Test Optional
Drury University-College of Continuing Professional Studies,MO,Test Optional
Dunwoody College of Technology,MN,Test Optional
Duquesne University,PA,Test Optional
Eagle Gate College -Idaho Falls Campus,ID,Test Optional
Eagle Gate College-Boise Campus,ID,Test Optional
Eagle Gate College-Layton,UT,Test Optional
Eagle Gate College-Murray,UT,Test Optional
Earlham College,IN,Test Optional
East Central University,OK,Test Optional
East Stroudsburg University of Pennsylvania,PA,Test Optional
East Tennessee State University,TN,Test Optional
East Texas Baptist University,TX,Test Optional
East-West University,IL,Test Optional
Eastern Connecticut State University,CT,Test Optional
Eastern Florida State College,FL,Test Optional
Eastern Illinois University,IL,Test Optional
Eastern International College-Belleville,NJ,Test Optional
Eastern International College-Jersey City,NJ,Test Optional
Eastern Kentucky University,KY,Test Optional
Eastern Mennonite University,VA,Test Optional
Eastern Oregon University,OR,Test Optional
Eastern University,PA,Test Optional
Eastern Washington University,WA,Test Free
Eastwick College-Ramsey,NJ,Test Optional
Eckerd College,FL,Test Optional
ECPI University,VA,Test Optional
Edgewood College,WI,Test Optional
Edinboro University of Pennsylvania,PA,Test Optional
Edmonds College,WA,Test Optional
EDP University of Puerto Rico Inc-San Juan,PR,Test Optional
EDP University of Puerto Rico Inc-San Sebastian,PR,Test Optional
Elim Bible Institute and College,NY,Test Optional
Elizabethtown College,PA,Test Optional
Elmhurst University,IL,Test Optional
Elmira College,NY,Test Optional
Elon University,NC,Test Optional
Embry-Riddle Aeronautical University-Daytona Beach,FL,Test Optional
Embry-Riddle Aeronautical University-Prescott,AZ,Test Optional
Embry-Riddle Aeronautical University-Worldwide,FL,Test Optional
Emerson College,MA,Test Optional
Emmanuel College,MA,Test Optional
Emmaus Bible College,IA,Test Optional
Emory & Henry College,VA,Test Optional
Empire State University,NY,Test Free
Emporia State University,KS,Test Optional
Endicott College,MA,Test Optional
Ensign College,UT,Test Optional
Epic Bible College & Graduate School,CA,Test Optional
Erskine College,SC,Test Optional
Escuela de Artes Plasticas de Puerto Rico,PR,Test Optional
Eureka College,IL,Test Optional
Evangel University,MO,Test Optional
Everglades University,FL,Test Optional
Excelsior University,NY,Test Optional
Fairfax University of America,VA,Test Optional
Fairfield University,CT,Test Optional
Fairleigh Dickinson University-Florham Campus,NJ,Test Optional
Fairleigh Dickinson University-Metropolitan Campus,NJ,Test Optional
Faith International University,WA,Test Optional
Faith Theological Seminary and Christian College,FL,Test Optional
Farmingdale State College,NY,Test Optional
Fashion Institute of Technology,NY,Test Optional
Feather River Community College District,CA,Test Optional
Felbry College,OH,Test Optional
Felician University,NJ,Test Optional
Ferris State University,MI,Test Optional
Ferrum College,VA,Test Optional
FIDM-Fashion Institute of Design & Merchandising,CA,Test Optional
FIDM-Fashion Institute of Design & Merchandising-San Francisco,CA,Test Optional
Fisher College,MA,Test Optional
Fisk University,TN,Test Optional
Fitchburg State University,MA,Test Optional
Five Towns College,NY,Test Optional
Flagler College,FL,Test Optional
Florida Gateway College,FL,Test Optional
Florida Memorial University,FL,Test Optional
Florida National University-Main Campus,FL,Test Optional
Florida Southern College,FL,Test Optional
Florida SouthWestern State College,FL,Test Optional
Florida State College at Jacksonville,FL,Test Optional
Foothill College,CA,Test Optional
Fordham University,NY,Test Optional
Fort Hays State University,KS,Test Optional
Fort Lewis College,CO,Test Optional
Framingham State University,MA,Test Optional
Francis Marion University,SC,Test Optional
Franciscan Missionaries of Our Lady University,LA,Test Optional
Franklin and Marshall College,PA,Test Optional
Franklin College,IN,Test Optional
Franklin Pierce University,NH,Test Optional
Franklin University,OH,Test Optional
Freed-Hardeman University,TN,Test Optional
Fremont University,CA,Test Optional
Fresno Pacific University,CA,Test Optional
Friends University,KS,Test Optional
Front Range Community College,CO,Test Optional
Frostburg State University,MD,Test Optional
Full Sail University,FL,Test Optional
Furman University,SC,Test Optional
Galen College of Nursing-Cincinnati,OH,Test Optional
Galen College of Nursing-Louisville,KY,Test Optional
Galen College of Nursing-San Antonio,TX,Test Optional
Galen College of Nursing-Tampa Bay,FL,Test Optional
Galen Health Institutes-Asheville,NC,Test Optional
Galen Health Institutes-Austin Campus,TX,Test Optional
Galen Health Institutes-Gainesville,FL,Test Optional
Galen Health Institutes-Houston,TX,Test Optional
Galen Health Institutes-Miami Campus,FL,Test Optional
Galen Health Institutes-Nashville Campus,TN,Test Optional
Galen Health Institutes-Sarasota,FL,Test Optional
Galveston College,TX,Test Optional
Gannon University,PA,Test Free
Gardner-Webb University,NC,Test Optional
Gemini School of Visual Arts & Communication,TX,Test Optional
Geneva College,PA,Test Optional
George Fox University,OR,Test Optional
George Mason University,VA,Test Optional
George Washington University,DC,Test Optional
Georgia Military College,GA,Test Optional
Georgia State University,GA,Test Optional
Georgian Court University,NJ,Test Optional
Gettysburg College,PA,Test Optional
Glenville State University,WV,Test Optional
Gnomon,CA,Test Optional
Gods Bible School and College,OH,Test Optional
Golden Gate University,CA,Test Optional
Goldey-Beacom College,DE,Test Optional
Gonzaga University,WA,Test Optional
Good Samaritan College of Nursing and Health Science,OH,Test Optional
Goodwin University,CT,Test Optional
Gordon College,MA,Test Optional
Goshen College,IN,Test Optional
Goucher College,MD,Test Optional
Governors State University,IL,Test Optional
Grace Christian University,MI,Test Optional
Grace College and Theological Seminary,IN,Test Optional
Grace Mission University,CA,Test Optional
Grace School of Theology,TX,Test Optional
Graceland University-Lamoni,IA,Test Optional
Grand Canyon University,AZ,Test Optional
Grand Valley State University,MI,Test Optional
Grand View University,IA,Test Optional
Granite State College,NH,Test Optional
Grantham University,--,Test Optional
Grays Harbor College,WA,Test Optional
Grayson College,TX,Test Optional
Great Basin College,NV,Test Optional
Great Northern University,WA,Test Optional
Green River College,WA,Test Optional
Greensboro College,NC,Test Optional
Greenville Technical College,SC,Test Optional
Greenville University,IL,Test Optional
Grove City College,PA,Test Optional
Guam Community College,GU,Test Optional
Guilford College,NC,Test Optional
Gulf Coast State College,FL,Test Optional
Gurnick Academy of Medical Arts,CA,Test Optional
Gustavus Adolphus College,MN,Test Optional
Gwynedd Mercy University,PA,Test Optional
Hallmark University,TX,Test Optional
Hamilton College,NY,Test Optional
Hamline University,MN,Test Optional
Hampshire College,MA,Test Free
Hampton University,VA,Test Optional
Hanover College,IN,Test Optional
Hardin-Simmons University,TX,Test Optional
Harris-Stowe State University,MO,Test Optional
Harrisburg University of Science and Technology,PA,Test Optional
Hartwick College,NY,Test Optional
Haskell Indian Nations University,KS,Test Optional
Hastings College,NE,Test Optional
Haven University,CA,Test Optional
Haverford College,PA,Test Optional
Hawaii Pacific University,HI,Test Optional
Heidelberg University,OH,Test Optional
Helene Fuld College of Nursing,NY,Test Optional
Hellenic College-Holy Cross Greek Orthodox School of Theology,MA,Test Optional
Henderson State University,AR,Test Optional
Hendrix College,AR,Test Optional
Henry Ford College,MI,Test Optional
Heritage Bible College,NC,Test Optional
Heritage Christian University,AL,Test Optional
Heritage University,WA,Test Optional
Herzing University-Akron,OH,Test Optional
Herzing University-Atlanta,GA,Test Optional
Herzing University-Birmingham,AL,Test Optional
Herzing University-Brookfield,WI,Test Optional
Herzing University-Kenosha,WI,Test Optional
Herzing University-Madison,WI,Test Optional
Herzing University-Minneapolis,MN,Test Optional
Herzing University-New Orleans,LA,Test Optional
Herzing University-Orlando,FL,Test Optional
Herzing University-Tampa,FL,Test Optional
Hesston College,KS,Test Optional
High Point University,NC,Test Optional
Hilbert College,NY,Test Optional
Hillsdale College,MI,Test Optional
Hiram College,OH,Test Optional
Hobart William Smith Colleges,NY,Test Optional
Hobe Sound Bible College,FL,Test Optional
Hofstra University,NY,Test Optional
Hollins University,VA,Test Optional
Holy Apostles College and Seminary,CT,Test Optional
Holy Cross College,IN,Test Optional
Holy Family University,PA,Test Optional
Hood College,MD,Test Optional
Hope College,MI,Test Optional
Hope International University,CA,Test Optional
Horizon University,IN,Test Optional
Houghton University,NY,Test Optional
"Houston Christian University
",TX,Test Optional
Howard Payne University,TX,Test Optional
Huertas College,PR,Test Optional
Hult International Business School,MA,Test Optional
Humphreys University-Stockton and Modesto Campuses,CA,Test Optional
Huntingdon College,AL,Test Optional
Huntington University,IN,Test Optional
Huntington University of Health Sciences,--,Test Optional
Huntsville Bible College,AL,Test Optional
Husson University,ME,Test Optional
Huston-Tillotson University,TX,Test Optional
Idaho State University,ID,Test Optional
Ilisagvik College,AK,Test Optional
Illinois College,IL,Test Optional
Illinois Institute of Technology,IL,Test Optional
Illinois State University,IL,Test Optional
Illinois Wesleyan University,IL,Test Optional
Immaculata University,PA,Test Optional
Indian Bible College,AZ,Test Optional
Indian River State College,FL,Test Optional
Indiana Institute of Technology,IN,Test Optional
Indiana Institute of Technology-College of Professional Studies,IN,Test Optional
Indiana State University,IN,Test Optional
Indiana University-Bloomington,IN,Test Optional
Indiana University-East,IN,Test Optional
Indiana University-Kokomo,IN,Test Optional
Indiana University-Northwest,IN,Test Optional
Indiana University-Purdue University-Indianapolis,IN,Test Optional
Indiana University-South Bend,IN,Test Optional
Indiana University-Southeast,IN,Test Optional
Indiana Wesleyan University-Marion,IN,Test Optional
Indiana Wesleyan University-National & Global,IN,Test Optional
Institute of American Indian and Alaska Native Culture and Arts Development,NM,Test Optional
Institute of Production and Recording,MN,Test Optional
Inter American University of Puerto Rico-Aguadilla,PR,Test Optional
Inter American University of Puerto Rico-Arecibo,PR,Test Optional
Inter American University of Puerto Rico-Barranquitas,PR,Test Optional
Inter American University of Puerto Rico-Bayamon,PR,Test Optional
Inter American University of Puerto Rico-Fajardo,PR,Test Optional
Inter American University of Puerto Rico-Guayama,PR,Test Optional
Inter American University of Puerto Rico-Metro,PR,Test Optional
Inter American University of Puerto Rico-Ponce,PR,Test Optional
Inter American University of Puerto Rico-San German,PR,Test Optional
International Baptist College and Seminary,AZ,Test Optional
"Iona University

",NY,Test Optional
Iowa State University,IA,Test Optional
Ithaca College,NY,Test Optional
Jackson College,MI,Test Optional
Jackson State University,MS,Test Optional
Jacksonville State University,AL,Test Optional
Jacksonville University,FL,Test Optional
James Madison University,VA,Test Optional
Jarvis Christian University,TX,Test Optional
John Brown University,AR,Test Optional
John Patrick University of Health and Applied Sciences,IN,Test Optional
John Paul the Great Catholic University,CA,Test Optional
Johnson & Wales University-Charlotte,NC,Test Optional
Johnson & Wales University-Providence,RI,Test Optional
Johnson C Smith University,NC,Test Optional
Jose Maria Vargas University,FL,Test Optional
Joyce University of Nursing and Health Sciences,UT,Test Optional
Judson University,IL,Test Optional
Juniata College,PA,Test Optional
Kalamazoo College,MI,Test Optional
Kansas Christian College,KS,Test Optional
Kansas City Art Institute,MO,Test Optional
Kansas State University,KS,Test Optional
Kansas Wesleyan University,KS,Test Optional
Kean University,NJ,Test Optional
Keene State College,NH,Test Optional
Kehilath Yakov Rabbinical Seminary,NY,Test Optional
Keiser University-Ft Lauderdale,FL,Test Optional
Kent State University at Ashtabula,OH,Test Optional
Kent State University at East Liverpool,OH,Test Optional
Kent State University at Geauga,OH,Test Optional
Kent State University at Kent,OH,Test Optional
Kent State University at Salem,OH,Test Optional
Kent State University at Stark,OH,Test Optional
Kent State University at Trumbull,OH,Test Optional
Kent State University at Tuscarawas,OH,Test Optional
Kentucky State University,KY,Test Optional
Kentucky Wesleyan College,KY,Test Optional
Kettering University,MI,Test Optional
Keuka College,NY,Test Optional
Keystone College,PA,Test Optional
King University,TN,Test Optional
King's College,PA,Test Optional
Knox College,IL,Test Optional
La Roche University,PA,Test Optional
La Sierra University,CA,Test Optional
Laboure College of Healthcare,MA,Test Optional
Lac Courte Oreilles Ojibwe University,WI,Test Optional
Lackawanna College,PA,Test Optional
LaGrange College,GA,Test Optional
Laguna College of Art and Design,CA,Test Optional
Lake Erie College,OH,Test Optional
Lake Forest College,IL,Test Optional
Lake Superior State University,MI,Test Optional
Lake Washington Institute of Technology,WA,Test Optional
Lake-Sumter State College,FL,Test Optional
Lakeland University,WI,Test Optional
Lamar University,TX,Test Optional
Lancaster Bible College,PA,Test Optional
Lander University,SC,Test Optional
Landmark College,VT,Test Optional
Lane College,TN,Test Optional
Langston University,OK,Test Optional
Laramie County Community College,WY,Test Optional
Laredo College,TX,Test Optional
Lasell University,MA,Test Optional
Latin American Bible Institute,CA,Test Optional
Laurus College,CA,Test Optional
Lawrence University,WI,Test Optional
Le Moyne College,NY,Test Optional
Learnet Academy Inc,CA,Test Optional
Lebanon Valley College,PA,Test Optional
Lee University,TN,Test Optional
Lees-McRae College,NC,Test Optional
Lehigh University,PA,Test Optional
Lenoir-Rhyne University,NC,Test Optional
Lesley University,MA,Test Free
LeTourneau University,TX,Test Optional
Lewis & Clark College,OR,Test Free
Lewis University,IL,Test Optional
Lewis-Clark State College,ID,Test Optional
Liberty University,VA,Test Optional
Life Pacific University,CA,Test Optional
LIM College,NY,Test Optional
Limestone University,SC,Test Optional
Lincoln Memorial University,TN,Test Optional
Lincoln University,MO,Test Optional
Lincoln University,CA,Test Optional
Lincoln University,PA,Test Optional
Lindenwood University,MO,Test Optional
Lindsey Wilson College,KY,Test Optional
Linfield University,OR,Test Optional
Living Arts College,NC,Test Optional
Lock Haven University,PA,Test Optional
Logan University,MO,Test Optional
Lone Star College System,TX,Test Optional
Long Island University,NY,Test Optional
Longwood University,VA,Test Optional
Longy School of Music of Bard College,MA,Test Optional
Lorain County Community College,OH,Test Optional
Loras College,IA,Test Optional
Los Angeles College of Music,CA,Test Optional
Los Angeles Film School,CA,Test Optional
Louisiana State University and Agricultural & Mechanical College,LA,Test Optional
Louisiana State University-Alexandria,LA,Test Optional
Lourdes University,OH,Test Optional
Lower Columbia College,WA,Test Optional
Loyola University Chicago,IL,Test Optional
Loyola University Maryland,MD,Test Optional
Loyola University New Orleans,LA,Test Free
Lubbock Christian University,TX,Test Optional
Luther College,IA,Test Optional
Luther Rice College & Seminary,GA,Test Optional
Lycoming College,PA,Test Optional
Lynn University,FL,Test Optional
Lyon College,AR,Test Optional
Macalester College,MN,Test Optional
Machzikei Hadath Rabbinical College,NY,Test Optional
Madonna University,MI,Test Optional
Maharishi International University,IA,Test Optional
Maine College of Art & Design,ME,Test Free
Maine College of Health Professions,ME,Test Optional
Maine Maritime Academy,ME,Test Optional
Malone University,OH,Test Optional
Manchester University,IN,Test Optional
Manhattan Christian College,KS,Test Optional
Manhattan College,NY,Test Optional
Manhattan School of Music,NY,Test Optional
Manhattanville College,NY,Test Optional
Manna University,NC,Test Optional
Manor College,PA,Test Optional
Mansfield University of Pennsylvania,PA,Test Optional
Maria College of Albany,NY,Test Optional
Marian University,WI,Test Optional
Marian University,IN,Test Optional
Marietta College,OH,Test Optional
Marist College,NY,Test Optional
Marquette University,WI,Test Optional
Mars Hill University,NC,Test Optional
Marshall University,WV,Test Optional
Martin University,IN,Test Optional
Mary Baldwin University,VA,Test Optional
Maryland Institute College of Art,MD,Test Optional
Marymount Manhattan College,NY,Test Optional
Marymount University,VA,Test Free
Maryville College,TN,Test Optional
Maryville University of Saint Louis,MO,Test Optional
Marywood University,PA,Test Optional
Massachusetts College of Art and Design,MA,Test Optional
Mayville State University,ND,Test Optional
McDaniel College,MD,Test Optional
McKendree University,IL,Test Optional
McMurry University,TX,Test Optional
McNeese State University,LA,Test Optional
McPherson College,KS,Test Free
MCPHS University,MA,Test Optional
Menlo College,CA,Test Free
Mercy College,NY,Test Optional
Mercy College of Health Sciences,IA,Test Optional
Mercy College of Ohio,OH,Test Optional
Mercyhurst University,PA,Test Optional
Meredith College,NC,Test Optional
Merrimack College,MA,Test Free
Mesivta of Eastern Parkway-Yeshiva Zichron Meilech,NY,Test Optional
Mesivta Torah Vodaath Rabbinical Seminary,NY,Test Optional
Mesivtha Tifereth Jerusalem of America,NY,Test Optional
Messenger College,TX,Test Optional
Messiah University,PA,Test Optional
Methodist University,NC,Test Optional
Metropolitan College of New York,NY,Test Optional
Metropolitan State University,MN,Test Optional
Metropolitan State University of Denver,CO,Test Optional
Miami Dade College,FL,Test Optional
Miami Regional University,FL,Test Optional
Miami University-Hamilton,OH,Test Optional
Miami University-Middletown,OH,Test Optional
Michigan State University,MI,Test Optional
Michigan Technological University,MI,Test Optional
Mid-America Christian University,OK,Test Optional
Mid-Atlantic Christian University,NC,Test Optional
MidAmerica Nazarene University,KS,Test Optional
Midland College,TX,Test Optional
Midland University,NE,Test Optional
Midwestern State University,TX,Test Optional
Miles College,AL,Test Optional
Millennia Atlantic University,FL,Test Optional
Miller-Motte College,--,Test Optional
Miller-Motte College-Chattanooga,TN,Test Optional
Miller-Motte College-Wilmington,NC,Test Optional
Millersville University of Pennsylvania,PA,Test Optional
Milligan University,TN,Test Optional
Millikin University,IL,Test Optional
Millsaps College,MS,Test Optional
Milwaukee Institute of Art & Design,WI,Test Optional
Milwaukee School of Engineering,WI,Test Optional
Minerva University,CA,Test Free
Minneapolis College of Art and Design,MN,Test Optional
Minnesota State University Moorhead,MN,Test Optional
Minnesota State University-Mankato,MN,Test Optional
Minot State University,ND,Test Optional
MiraCosta College,CA,Test Optional
Mirrer Yeshiva Cent Institute,NY,Test Optional
Mississippi State University,MS,Test Optional
Mississippi University for Women,MS,Test Optional
Mississippi Valley State University,MS,Test Optional
Missouri Baptist University,MO,Test Optional
Missouri Southern State University,MO,Test Optional
Missouri State University-Springfield,MO,Test Optional
Missouri Valley College,MO,Test Optional
Missouri Western State University,MO,Test Optional
Mitchell College,CT,Test Optional
Modesto Junior College,CA,Test Free
Monmouth College,IL,Test Optional
Monroe College,NY,Test Optional
Montana Bible College,MT,Test Optional
Montana State University,MT,Test Optional
Montana State University Billings,MT,Test Optional
Montana State University-Northern,MT,Test Optional
Montana Technological University,MT,Test Optional
Montclair State University,NJ,Test Optional
Montreat College,NC,Test Optional
Montserrat College of Art,MA,Test Optional
Moody Bible Institute,IL,Test Optional
Moore College of Art and Design,PA,Test Optional
Moravian University,PA,Test Optional
Morehead State University,KY,Test Optional
Morgan State University,MD,Test Optional
Morningside University,IA,Test Optional
MORRIS BROWN COLLEGE,GA,Test Optional
Morris College,SC,Test Optional
Mount Aloysius College,PA,Test Optional
Mount Angel Seminary,OR,Test Optional
Mount Carmel College of Nursing,OH,Test Optional
Mount Holyoke College,MA,Test Optional
Mount Marty University,SD,Test Optional
Mount Mary University,WI,Test Optional
Mount Mercy University,IA,Test Optional
Mount Saint Joseph University,OH,Test Optional
Mount Saint Mary College,NY,Test Optional
Mount Saint Mary's University,CA,Test Free
Mount St. Mary's University,MD,Test Optional
Mount Vernon Nazarene University,OH,Test Optional
Muhlenberg College,PA,Test Optional
Murray State University,KY,Test Optional
Musicians Institute,CA,Test Optional
Muskingum University,OH,Test Optional
Naropa University,CO,Test Optional
National American University,--,Test Optional
National American University-Ellsworth,SD,Test Optional
National American University-Georgetown,TX,Test Optional
National Louis University,IL,Test Optional
National Paralegal College,--,Test Optional
National University,CA,Test Optional
Navajo Technical University,NM,Test Optional
Nazarene Bible College,KY,Test Optional
Nazareth College,NY,Test Optional
Nebraska Methodist College of Nursing & Allied Health,NE,Test Optional
Nebraska Wesleyan University,NE,Test Optional
Ner Israel Rabbinical College,MD,Test Optional
Neumann University,PA,Test Free
Neumont College of Computer Science,UT,Test Optional
Nevada State College,NV,Test Optional
New England College,NH,Test Optional
New England Institute of Technology,RI,Test Optional
New Hope Christian College-Eugene,OR,Test Optional
New Jersey City University,NJ,Test Optional
New Mexico Highlands University,NM,Test Optional
New Mexico State University-Main Campus,NM,Test Optional
New Orleans Baptist Theological Seminary,LA,Test Optional
New York College of Health Professions,NY,Test Optional
New York Film Academy,CA,Test Optional
New York Institute of Technology,NY,Test Optional
New York School of Interior Design,NY,Test Optional
Newman University,KS,Test Optional
Newschool of Architecture and Design,CA,Test Optional
NewU University,DC,Test Free
Niagara University,NY,Test Optional
Nicholls State University,LA,Test Optional
Nichols College,MA,Test Optional
Nightingale College,UT,Test Optional
North American University,TX,Test Optional
North Central College,IL,Test Optional
North Central State College,OH,Test Optional
North Central University,MN,Test Optional
North Dakota State University-Main Campus,ND,Test Optional
North Florida College,FL,Test Optional
North Greenville University,SC,Test Optional
North Park University,IL,Test Optional
North Seattle College,WA,Test Optional
Northcentral University,--,Test Optional
Northeastern Illinois University,IL,Test Optional
Northeastern State University,OK,Test Optional
Northern Arizona University,AZ,Test Optional
Northern Illinois University,IL,Test Free
Northern Kentucky University,KY,Test Optional
Northern Marianas College,MP,Test Optional
Northern Michigan University,MI,Test Free
Northern New Mexico College,NM,Test Optional
Northern State University,SD,Test Optional
Northern Vermont University,VT,Test Optional
Northland College,WI,Test Optional
Northpoint Bible College,MA,Test Optional
Northwest College,WY,Test Optional
Northwest College of Art & Design,WA,Test Optional
Northwest Florida State College,FL,Test Optional
Northwest Indian College,WA,Test Optional
Northwest Missouri State University,MO,Test Optional
Northwest Nazarene University,ID,Test Optional
Northwest University,WA,Test Optional
Northwest University-Center for Online and Extended Education,WA,Test Optional
Northwestern College,IA,Test Optional
Northwestern Michigan College,MI,Test Optional
Northwestern Oklahoma State University,OK,Test Optional
Northwestern State University of Louisiana,LA,Test Optional
Northwood University,MI,Test Optional
Norwich University,VT,Test Optional
Nossi College of Art,TN,Test Optional
Notre Dame of Maryland University,MD,Test Optional
NUC University,PR,Test Optional
NUC University - Florida Technical College,FL,Test Optional
Nueta Hidatsa Sahnish College,ND,Test Optional
Oak Hills Christian College,MN,Test Optional
Oak Valley College,CA,Test Optional
Oakland City University,IN,Test Optional
Oakwood University,AL,Test Optional
Occidental College,CA,Test Optional
Odessa College,TX,Test Optional
Oglala Lakota College,SD,Test Optional
Oglethorpe University,GA,Test Optional
Ohio Christian University,OH,Test Optional
Ohio Dominican University,OH,Test Optional
Ohio Northern University,OH,Test Optional
Ohio State University-Lima Campus,OH,Test Optional
Ohio State University-Mansfield Campus,OH,Test Optional
Ohio State University-Marion Campus,OH,Test Optional
Ohio State University-Newark Campus,OH,Test Optional
Ohio University-Chillicothe Campus,OH,Test Optional
Ohio University-Eastern Campus,OH,Test Optional
Ohio University-Lancaster Campus,OH,Test Optional
Ohio University-Main Campus,OH,Test Optional
Ohio University-Southern Campus,OH,Test Optional
Ohio University-Zanesville Campus,OH,Test Optional
Ohio Wesleyan University,OH,Test Optional
Oklahoma Baptist University,OK,Test Optional
Oklahoma Christian University,OK,Test Optional
Oklahoma City University,OK,Test Optional
Oklahoma Panhandle State University,OK,Test Optional
Oklahoma State University Institute of Technology,OK,Test Optional
Oklahoma State University-Main Campus,OK,Test Optional
Oklahoma State University-Oklahoma City,OK,Test Optional
Oklahoma Wesleyan University,OK,Test Optional
Old Dominion University,VA,Test Optional
Olivet College,MI,Test Optional
Olivet Nazarene University,IL,Test Optional
Olympic College,WA,Test Optional
Oregon Health & Science University,OR,Test Optional
Oregon Institute of Technology,OR,Test Optional
Oregon State University,OR,Test Optional
Oregon State University-Cascades Campus,OR,Test Optional
Orion Technical College,IA,Test Optional
Otis College of Art and Design,CA,Test Optional
Ottawa University-Ottawa,KS,Test Optional
Ottawa University-Surprise,AZ,Test Optional
Otterbein University,OH,Test Optional
Ouachita Baptist University,AR,Test Optional
Our Lady of the Lake University,TX,Test Optional
Ozark Christian College,MO,Test Optional
Pace University,NY,Test Optional
Pacific Bible College,OR,Test Optional
Pacific College,CA,Test Optional
Pacific College of Health and Science,NY,Test Optional
Pacific College of Health and Science,IL,Test Optional
Pacific College of Health and Science,CA,Test Optional
Pacific Islands University,GU,Test Optional
Pacific Lutheran University,WA,Test Optional
Pacific Oaks College,CA,Test Optional
Pacific Rim Christian University,HI,Test Optional
Pacific States University,CA,Test Optional
Pacific Union College,CA,Test Optional
Pacific University,OR,Test Optional
Paier College,CT,Test Optional
Paine College,GA,Test Optional
Palm Beach Atlantic University,FL,Test Optional
Palm Beach State College,FL,Test Optional
Park University,MO,Test Optional
Parker University,TX,Test Optional
Pasco-Hernando State College,FL,Test Optional
Paul Quinn College,TX,Test Optional
Paul Smiths College of Arts and Science,NY,Test Optional
PCI College,CA,Test Optional
Peninsula College,WA,Test Optional
Pennsylvania College of Art and Design,PA,Test Free
Pennsylvania College of Technology,PA,Test Optional
Pennsylvania Institute of Technology,PA,Test Optional
Pennsylvania Western University,PA,Test Optional
Pensacola State College,FL,Test Optional
Pepperdine University,CA,Test Optional
Peru State College,NE,Test Optional
Pfeiffer University,NC,Test Optional
Piedmont University,GA,Test Optional
Pikes Peak State College,CO,Test Optional
Pillar College,NJ,Test Optional
Pima Medical Institute-Tucson,AZ,Test Optional
Pittsburg State University,KS,Test Optional
Pittsburgh Technical College,PA,Test Optional
Platt College-Anaheim,CA,Test Optional
Platt College-Aurora,CO,Test Optional
Platt College-Los Angeles,CA,Test Optional
Platt College-Ontario,CA,Test Optional
Platt College-Riverside,CA,Test Optional
Platt College-San Diego,CA,Test Optional
Plaza College,NY,Test Optional
Plymouth State University,NH,Test Free
Point Loma Nazarene University,CA,Test Optional
Point Park University,PA,Test Optional
Point University,GA,Test Optional
Polk State College,FL,Test Optional
Polytechnic University of Puerto Rico-Miami,FL,Test Optional
Pomona College,CA,Test Optional
Portland State University,OR,Test Optional
Post University,CT,Test Optional
Potomac State College of West Virginia University,WV,Test Optional
Prairie View A & M University,TX,Test Optional
Pratt Institute-Main,NY,Test Optional
Presbyterian College,SC,Test Optional
Presbyterian Theological Seminary in America,CA,Test Optional
Prescott College,AZ,Test Optional
Principia College,IL,Test Optional
Providence College,RI,Test Optional
Provo College,UT,Test Optional
Pueblo Community College,CO,Test Optional
Purdue University Fort Wayne,IN,Test Optional
Purdue University Global,IN,Test Optional
Purdue University Northwest,IN,Test Optional
Queens University of Charlotte,NC,Test Optional
Quincy College,MA,Test Optional
Quincy University,IL,Test Optional
Quinnipiac University,CT,Test Optional
Rabbi Jacob Joseph School,NJ,Test Optional
Rabbinical Academy Mesivta Rabbi Chaim Berlin,NY,Test Optional
Rabbinical College Beth Shraga,NY,Test Optional
Rabbinical College Bobover Yeshiva Bnei Zion,NY,Test Optional
Rabbinical College of America,NJ,Test Optional
Rabbinical College of Long Island,NY,Test Optional
Rabbinical College of Ohr Shimon Yisroel,NY,Test Optional
Rabbinical College Telshe,OH,Test Optional
Rabbinical Seminary Mkor Chaim,NJ,Test Optional
Rabbinical Seminary of America,NY,Test Optional
Radford University,VA,Test Optional
Radford University-Carilion,VA,Test Optional
Ramapo College of New Jersey,NJ,Test Optional
Randolph College,VA,Test Optional
Randolph-Macon College,VA,Test Optional
Ranken Technical College,MO,Test Optional
Rasmussen University-Florida,FL,Test Optional
Rasmussen University-Illinois,IL,Test Optional
Rasmussen University-Kansas,KS,Test Optional
Rasmussen University-Minnesota,MN,Test Optional
Rasmussen University-North Dakota,ND,Test Optional
Rasmussen University-Wisconsin,WI,Test Optional
Reach University,CA,Test Free
Red Rocks Community College,CO,Test Optional
Reformed University,GA,Test Optional
Regent University,VA,Test Optional
Regis College,MA,Test Free
Regis University,CO,Test Optional
Reinhardt University,GA,Test Optional
Remington College-Dallas Campus,TX,Test Optional
Remington College-Memphis Campus,TN,Test Optional
Remington College-Mobile Campus,AL,Test Optional
Remington College-North Houston Campus,TX,Test Optional
Remington College-Shreveport Campus,LA,Test Optional
Renton Technical College,WA,Test Optional
Rhode Island College,RI,Test Optional
Rhode Island School of Design,RI,Test Optional
Rhodes College,TN,Test Optional
Rice University,TX,Test Optional
Rider University,NJ,Test Optional
Ringling College of Art and Design,FL,Test Optional
Rio Hondo College,CA,Test Optional
Ripon College,WI,Test Optional
Riverside College of Health Careers,VA,Test Optional
Rivier University,NH,Test Optional
Roanoke College,VA,Test Optional
Robert Morris University,PA,Test Optional
Roberts Wesleyan University,NY,Test Optional
Rochester Christian University,MI,Test Optional
Rochester Institute of Technology,NY,Test Optional
Rockford University,IL,Test Optional
Rockhurst University,MO,Test Optional
Rocky Mountain College,MT,Test Optional
Rocky Mountain College of Art and Design,CO,Test Optional
Roger Williams University,RI,Test Optional
Rollins College,FL,Test Optional
Roosevelt University,IL,Test Optional
Rosemont College,PA,Test Optional
Rowan University,NJ,Test Optional
Russell Sage College,NY,Test Optional
Rust College,MS,Test Optional
Rutgers University-Newark,NJ,Test Free
Sacred Heart Major Seminary,MI,Test Optional
Sacred Heart University,CT,Test Optional
SAE Expression College,CA,Test Optional
SAE Institute of Technology-Nashville,TN,Test Optional
Saginaw Valley State University,MI,Test Optional
Saint Ambrose University,IA,Test Optional
Saint Anselm College,NH,Test Optional
Saint Anthony College of Nursing,IL,Test Optional
Saint Charles Borromeo Seminary-Overbrook,PA,Test Optional
Saint Cloud State University,MN,Test Optional
Saint Edward's University,TX,Test Optional
Saint Elizabeth University,NJ,Test Optional
Saint Francis University,PA,Test Optional
Saint Johns River State College,FL,Test Optional
Saint Johns University,MN,Test Optional
Saint Joseph Seminary College,LA,Test Optional
Saint Joseph's College of Maine,ME,Test Optional
Saint Joseph's University,PA,Test Optional
Saint Leo University,FL,Test Optional
Saint Louis University,MO,Test Optional
Saint Martin's University,WA,Test Optional
Saint Mary-of-the-Woods College,IN,Test Optional
Saint Mary's College,IN,Test Optional
Saint Mary's College of California,CA,Test Optional
Saint Mary's University of Minnesota,MN,Test Optional
Saint Michael's College,VT,Test Optional
Saint Peter's University,NJ,Test Optional
Saint Vincent College,PA,Test Optional
Saint Xavier University,IL,Test Optional
Salem College,NC,Test Optional
Salem State University,MA,Test Optional
Salem University,WV,Test Optional
Salisbury University,MD,Test Optional
Salish Kootenai College,MT,Test Optional
Salve Regina University,RI,Test Optional
Sam Houston State University,TX,Test Optional
San Diego Global Knowledge University,CA,Test Optional
San Diego Mesa College,CA,Test Optional
San Diego State University,CA,Test Free
San Francisco Bay University,CA,Test Optional
San Francisco Conservatory of Music,CA,Test Optional
San Francisco State University,CA,Test Free
San Ignacio University,FL,Test Optional
San Joaquin Valley College-Visalia,CA,Test Optional
San Jose State University,CA,Test Free
Santa Ana College,CA,Test Optional
Santa Fe College,FL,Test Optional
Santa Monica College,CA,Test Optional
Sarah Lawrence College,NY,Test Optional
Savannah College of Art and Design,GA,Test Optional
Schiller International University,FL,Test Optional
School of the Art Institute of Chicago,IL,Test Optional
School of Visual Arts,NY,Test Optional
Schoolcraft Community College District,MI,Test Optional
Scripps College,CA,Test Optional
Seattle Central College,WA,Test Optional
Seattle Film Institute,WA,Test Optional
Seattle Pacific University,WA,Test Optional
Seattle University,WA,Test Optional
Selma University,AL,Test Optional
Seminole State College of Florida,FL,Test Optional
Seton Hill University,PA,Test Optional
Sh'or Yoshuv Rabbinical College,NY,Test Optional
Shasta Bible College and Graduate School,CA,Test Optional
Shasta College,CA,Test Optional
Shaw University,NC,Test Optional
Shawnee State University,OH,Test Optional
Shenandoah University,VA,Test Optional
Shepherd University,WV,Test Optional
Shippensburg University of Pennsylvania,PA,Test Free
Shorter College,AK,Test Optional
Shorter University,GA,Test Optional
Siena College,NY,Test Optional
Siena Heights University,MI,Test Optional
Simmons College of Kentucky,KY,Test Optional
Simmons University,MA,Test Optional
Simpson College,IA,Test Optional
Simpson University,CA,Test Optional
Sinclair Community College,OH,Test Optional
Sinte Gleska University,SD,Test Optional
Sisseton Wahpeton College,SD,Test Optional
Sitting Bull College,ND,Test Optional
Skagit Valley College,WA,Test Optional
Skidmore College,NY,Test Optional
Skyline College,CA,Test Optional
"Skyline College

",--,Test Optional
Slippery Rock University of Pennsylvania,PA,Test Optional
Smith Chason College,CA,Test Optional
Smith College,MA,Test Optional
Snow College,UT,Test Optional
Soka University of America,CA,Test Optional
Solano Community College,CA,Test Optional
Sonoma State University,CA,Test Free
South Carolina State University,SC,Test Optional
South College,TN,Test Optional
South Dakota School of Mines and Technology,SD,Test Optional
South Dakota State University,SD,Test Optional
South Florida Bible College and Theological Seminary,FL,Test Optional
South Florida State College,FL,Test Optional
South Seattle College,WA,Test Optional
South Texas College,TX,Test Optional
South University-Austin,TX,Test Optional
South University-Columbia,SC,Test Optional
South University-High Point,NC,Test Optional
South University-Montgomery,AL,Test Optional
South University-Richmond,VA,Test Optional
South University-Savannah,GA,Test Optional
South University-Tampa,FL,Test Optional
South University-Virginia Beach,VA,Test Optional
South University-West Palm Beach,FL,Test Optional
Southeast Missouri State University,MO,Test Optional
Southeastern Baptist College,MS,Test Optional
Southeastern Baptist Theological Seminary,NC,Test Optional
Southeastern College-West Palm Beach,FL,Test Optional
Southeastern Free Will Baptist Bible College,NC,Test Optional
Southeastern Louisiana University,LA,Test Optional
Southeastern Oklahoma State University,OK,Test Optional
Southeastern University,FL,Test Optional
Southern Adventist University,TN,Test Optional
Southern California Institute of Architecture,CA,Test Optional
Southern California Institute of Technology,CA,Test Optional
Southern California Seminary,CA,Test Optional
Southern Connecticut State University,CT,Test Optional
Southern Illinois University-Carbondale,IL,Test Optional
Southern Illinois University-Edwardsville,IL,Test Optional
Southern Methodist University,TX,Test Optional
Southern Nazarene University,OK,Test Optional
Southern New Hampshire University,NH,Test Optional
Southern Oregon University,OR,Test Optional
Southern States University,CA,Test Optional
Southern Technical College,FL,Test Optional
Southern University and A & M College,LA,Test Optional
Southern University at New Orleans,LA,Test Optional
Southern Utah University,UT,Test Optional
Southern Virginia University,VA,Test Optional
Southern Wesleyan University,SC,Test Optional
Southwest Baptist University,MO,Test Optional
Southwest Minnesota State University,MN,Test Optional
Southwest University at El Paso,TX,Test Optional
Southwest University of Visual Arts-Albuquerque,NM,Test Optional
Southwestern Adventist University,TX,Test Optional
Southwestern Christian College,TX,Test Optional
Southwestern Christian University,OK,Test Optional
Southwestern College,KS,Test Optional
Southwestern Oklahoma State University,OK,Test Optional
Southwestern University,TX,Test Optional
Spalding University,KY,Test Optional
Spartan College of Aeronautics and Technology,OK,Test Optional
Spartanburg Methodist College,SC,Test Optional
Spring Arbor University,MI,Test Optional
Spring Hill College,AL,Test Optional
Springfield College,MA,Test Optional
St Bonaventure University,NY,Test Optional
St Catherine University,MN,Test Optional
St Lawrence University,NY,Test Optional
St Olaf College,MN,Test Optional
St Petersburg College,FL,Test Optional
St. Andrews University,NC,Test Optional
St. Francis College,NY,Test Optional
St. John Fisher University,NY,Test Optional
St. John Vianney College Seminary,FL,Test Optional
St. John's College,MD,Test Optional
St. John's College,NM,Test Optional
St. John's University-New York,NY,Test Optional
St. Joseph's University-Long Island,NY,Test Optional
St. Joseph's University-New York,NY,Test Optional
St. Mary's College of Maryland,MD,Test Optional
St. Mary's University,TX,Test Optional
St. Thomas Aquinas College,NY,Test Optional
St. Thomas University,FL,Test Optional
Stanbridge University,CA,Test Optional
State College of Florida-Manatee-Sarasota,FL,Test Optional
State University of New York at New Paltz,NY,Test Optional
State University of New York at Oswego,NY,Test Optional
Stephen F Austin State University,TX,Test Optional
Sterling College,VT,Test Free
Stetson University,FL,Test Optional
Stevens-The Institute of Business & Arts,MO,Test Optional
Stevenson University,MD,Test Optional
Stillman College,AL,Test Optional
Stockton University,NJ,Test Optional
Stone Child College,MT,Test Optional
Stony Brook University,NY,Test Optional
Strayer University-Alabama,AL,Test Optional
Strayer University-Arkansas,AR,Test Optional
Strayer University-Delaware,DE,Test Optional
Strayer University-District of Columbia,DC,Test Optional
Strayer University-Florida,FL,Test Optional
Strayer University-Georgia,GA,Test Optional
Strayer University-Global Region,DC,Test Optional
Strayer University-Maryland,MD,Test Optional
Strayer University-Mississippi,MS,Test Optional
Strayer University-New Jersey,NJ,Test Optional
Strayer University-North Carolina,NC,Test Optional
Strayer University-Pennsylvania,PA,Test Optional
Strayer University-South Carolina,SC,Test Optional
Strayer University-Tennessee,TN,Test Optional
Strayer University-Texas,TX,Test Optional
Strayer University-Virginia,VA,Test Optional
Strayer University-West Virginia,WV,Test Optional
Suffolk University,MA,Test Optional
Sul Ross State University,TX,Test Optional
Sullivan University,KY,Test Optional
SUM Bible College and Theological Seminary,CA,Test Optional
Sumner College,OR,Test Optional
SUNY at Fredonia,NY,Test Optional
SUNY at Purchase College,NY,Test Optional
SUNY Brockport,NY,Test Optional
SUNY Buffalo State University,NY,Test Optional
SUNY College at Geneseo,NY,Test Optional
SUNY College at Old Westbury,NY,Test Optional
SUNY College at Plattsburgh,NY,Test Optional
SUNY College at Potsdam,NY,Test Optional
SUNY College of Environmental Science and Forestry,NY,Test Optional
SUNY College of Technology at Alfred,NY,Test Optional
SUNY College of Technology at Delhi,NY,Test Optional
SUNY Cortland,NY,Test Optional
SUNY Morrisville,NY,Test Optional
SUNY Oneonta,NY,Test Optional
SUNY Polytechnic Institute,NY,Test Optional
Susquehanna University,PA,Test Optional
Sweet Briar College,VA,Test Optional
Tabor College,KS,Test Optional
Talladega College,AL,Test Optional
Tallahassee Community College,FL,Test Optional
Talmudic College of Florida,FL,Test Optional
Talmudical Academy-New Jersey,NJ,Test Optional
Talmudical Seminary of Bobov,NY,Test Optional
Talmudical Seminary Oholei Torah,NY,Test Optional
Talmudical Yeshiva of Philadelphia,PA,Test Optional
Tarleton State University,TX,Test Optional
Taylor University,IN,Test Optional
Temple University,PA,Test Optional
Tennessee Technological University,TN,Test Optional
Tennessee Wesleyan University,TN,Test Optional
Texas A & M International University,TX,Test Optional
Texas A & M University-College Station,TX,Test Optional
Texas A & M University-Commerce,TX,Test Optional
Texas A & M University-Corpus Christi,TX,Test Optional
Texas A & M University-Kingsville,TX,Test Optional
Texas A&M University-San Antonio,TX,Test Optional
Texas A&M University-Texarkana,TX,Test Optional
Texas College,TX,Test Optional
Texas Lutheran University,TX,Test Optional
Texas State University,TX,Test Optional
Texas Wesleyan University,TX,Test Optional
Texas Woman's University,TX,Test Optional
The Catholic University of America,DC,Test Free
The Christ College of Nursing and Health Sciences,OH,Test Optional
The College of Idaho,ID,Test Optional
The College of Saint Scholastica,MN,Test Optional
The College of the Florida Keys,FL,Test Optional
The College of Westchester,NY,Test Optional
The College of Wooster,OH,Test Optional
The Creative Center,NE,Test Optional
The Evergreen State College,WA,Test Optional
The Juilliard School,NY,Test Optional
The King's University,TX,Test Optional
The Master's University and Seminary,CA,Test Optional
The Modern College of Design,OH,Test Optional
The New England Conservatory of Music,MA,Test Optional
The New School,NY,Test Optional
The Southwestern Baptist Theological Seminary,TX,Test Optional
The University of Findlay,OH,Test Optional
The University of Montana,MT,Test Optional
The University of Montana-Western,MT,Test Optional
The University of Tampa,FL,Test Optional
The University of Texas at Arlington,TX,Test Optional
The University of Texas at Dallas,TX,Test Optional
The University of Texas at El Paso,TX,Test Optional
The University of Texas at San Antonio,TX,Test Optional
The University of Texas at Tyler,TX,Test Optional
The University of Texas Permian Basin,TX,Test Optional
The University of the South,TN,Test Optional
Thiel College,PA,Test Optional
Thomas College,ME,Test Optional
Thomas Edison State University,NJ,Test Optional
Thomas Jefferson University,PA,Test Optional
Thomas More College of Liberal Arts,NH,Test Optional
Thomas More University,KY,Test Optional
Thomas University,GA,Test Optional
Tiffin University,OH,Test Optional
Toccoa Falls College,GA,Test Optional
Torah Temimah Talmudical Seminary,NY,Test Optional
Touro University,NY,Test Optional
Touro University Worldwide,CA,Test Optional
Towson University,MD,Test Optional
Transylvania University,KY,Test Optional
Trevecca Nazarene University,TN,Test Optional
Tri-State Bible College,OH,Test Optional
Trident University International,--,Test Optional
Trine University,IN,Test Optional
Trine University-Regional/Non-Traditional Campuses,IN,Test Optional
Trinidad State College,CO,Test Optional
Trinity Baptist College,FL,Test Optional
Trinity Christian College,IL,Test Optional
Trinity College,CT,Test Optional
Trinity College of Florida,FL,Test Optional
Trinity International University-Illinois,IL,Test Optional
Trinity Washington University,DC,Test Optional
Trocaire College,NY,Test Optional
Troy University,AL,Test Optional
Truckee Meadows Community College,NV,Test Optional
Turtle Mountain Community College,ND,Test Optional
Tusculum University,TN,Test Optional
Tuskegee University,AL,Test Optional
Tyler Junior College,TX,Test Optional
Union Bible College,IN,Test Optional
Union College,KY,Test Optional
Union College,NY,Test Optional
Union College,NE,Test Optional
United International College,FL,Test Optional
United States Coast Guard Academy,CT,Test Optional
United States Sports Academy,--,Test Optional
United States University,CA,Test Optional
United Talmudical Seminary,NY,Test Optional
United Tribes Technical College,ND,Test Optional
Unitek College,CA,Test Optional
Unity Environmental University,ME,Test Optional
Universal Technology College of Puerto Rico,PR,Test Optional
Universidad Adventista de las Antillas,PR,Test Optional
Universidad Ana G. Mendez-Cupey Campus,PR,Test Optional
Universidad Ana G. Mendez-Gurabo Campus,PR,Test Optional
Universidad Ana G. Mendez–Carolina campus,PR,Test Optional
Universidad Central de Bayamon,PR,Test Optional
Universidad del Sagrado Corazon,PR,Test Optional
University at Buffalo,NY,Test Optional
University of Advancing Technology,AZ,Test Optional
University of Akron Main Campus,OH,Test Optional
University of Alaska Anchorage,AK,Test Optional
University of Alaska Fairbanks,AK,Test Free
University of Alaska Southeast,AK,Test Optional
University of Arizona,AZ,Test Optional
University of Arkansas at Little Rock,AR,Test Optional
University of Arkansas at Monticello,AR,Test Optional
University of Arkansas for Medical Sciences,AR,Test Optional
University of Arkansas-Fort Smith,AR,Test Optional
University of Baltimore,MD,Test Optional
University of Bridgeport,CT,Test Optional
University of California-Berkeley,CA,Test Free
University of California-Davis,CA,Test Free
University of California-Irvine,CA,Test Free
University of California-Los Angeles,CA,Test Free
University of California-Merced,CA,Test Free
University of California-Riverside,CA,Test Free
University of California-San Diego,CA,Test Free
University of California-Santa Barbara,CA,Test Free
University of California-Santa Cruz,CA,Test Free
University of Central Missouri,MO,Test Optional
University of Central Oklahoma,OK,Test Optional
University of Charleston,WV,Test Free
University of Chicago,IL,Test Optional
University of Cincinnati-Blue Ash College,OH,Test Optional
University of Cincinnati-Clermont College,OH,Test Optional
University of Colorado Boulder,CO,Test Optional
University of Colorado Colorado Springs,CO,Test Optional
University of Colorado Denver/Anschutz Medical Campus,CO,Test Optional
University of Dayton,OH,Test Optional
University of Denver,CO,Test Optional
University of Detroit Mercy,MI,Test Optional
University of Dubuque,IA,Test Optional
University of Evansville,IN,Test Optional
University of Fort Lauderdale,FL,Test Optional
University of Guam,GU,Test Optional
University of Hartford,CT,Test Optional
University of Hawaii at Hilo,HI,Test Optional
University of Hawaii at Manoa,HI,Test Optional
University of Hawaii Maui College,HI,Test Optional
University of Hawaii-West Oahu,HI,Test Optional
University of Holy Cross,LA,Test Optional
University of Houston,TX,Test Optional
University of Illinois Chicago,IL,Test Optional
University of Illinois Springfield,IL,Test Optional
University of Illinois Urbana-Champaign,IL,Test Optional
University of Indianapolis,IN,Test Optional
University of Iowa,IA,Test Optional
University of Jamestown,ND,Test Optional
University of Kansas,KS,Test Optional
University of La Verne,CA,Test Optional
University of Louisiana at Lafayette,LA,Test Optional
University of Louisiana at Monroe,LA,Test Optional
University of Louisville,KY,Test Optional
University of Lynchburg,VA,Test Free
University of Maine,ME,Test Optional
University of Maine at Augusta,ME,Test Optional
University of Maine at Farmington,ME,Test Optional
University of Maine at Fort Kent,ME,Test Optional
University of Maine at Machias,ME,Test Optional
University of Maine at Presque Isle,ME,Test Optional
University of Management and Technology,VA,Test Optional
University of Mary,ND,Test Optional
University of Mary Hardin-Baylor,TX,Test Optional
University of Mary Washington,VA,Test Optional
University of Maryland Eastern Shore,MD,Test Optional
University of Maryland Global Campus,MD,Test Optional
University of Massachusetts Global,CA,Test Optional
University of Massachusetts-Amherst,MA,Test Optional
University of Massachusetts-Boston,MA,Test Optional
University of Massachusetts-Dartmouth,MA,Test Optional
University of Massachusetts-Lowell,MA,Test Optional
University of Michigan-Ann Arbor,MI,Test Optional
University of Michigan-Flint,MI,Test Optional
"University of Minnesota-Crookston
",MN,Test Free
University of Minnesota-Duluth,MN,Test Optional
University of Missouri-Kansas City,MO,Test Optional
University of Mobile,AL,Test Optional
University of Montevallo,AL,Test Optional
University of Mount Olive,NC,Test Optional
University of Mount Union,OH,Test Optional
University of Nebraska at Kearney,NE,Test Optional
University of Nebraska at Omaha,NE,Test Optional
University of Nebraska-Lincoln,NE,Test Optional
University of Nevada-Las Vegas,NV,Test Optional
University of Nevada-Reno,NV,Test Optional
University of New England,ME,Test Free
University of New Hampshire at Manchester,NH,Test Optional
University of New Hampshire-Main Campus,NH,Test Optional
University of New Haven,CT,Test Optional
University of New Mexico-Main Campus,NM,Test Optional
University of New Orleans,LA,Test Optional
University of North Alabama,AL,Test Optional
University of North Dakota,ND,Test Optional
University of North Texas,TX,Test Optional
University of North Texas at Dallas,TX,Test Optional
University of Northern Colorado,CO,Test Optional
University of Northern Iowa,IA,Test Optional
University of Northwestern Ohio,OH,Test Optional
University of Northwestern-St Paul,MN,Test Optional
University of Oregon,OR,Test Optional
University of Phoenix-Arizona,AZ,Test Optional
University of Phoenix-California,CA,Test Optional
University of Phoenix-Hawaii,HI,Test Optional
University of Phoenix-Nevada,NV,Test Optional
University of Phoenix-Texas,TX,Test Optional
University of Pikeville,KY,Test Optional
University of Pittsburgh-Johnstown,PA,Test Optional
University of Providence,MT,Test Optional
University of Puerto Rico-Aguadilla,PR,Test Optional
University of Puerto Rico-Arecibo,PR,Test Optional
University of Puerto Rico-Bayamon,PR,Test Optional
University of Puerto Rico-Carolina,PR,Test Optional
University of Puerto Rico-Cayey,PR,Test Optional
University of Puerto Rico-Humacao,PR,Test Optional
University of Puerto Rico-Mayaguez,PR,Test Optional
University of Puerto Rico-Ponce,PR,Test Optional
University of Puerto Rico-Rio Piedras,PR,Test Optional
University of Puerto Rico-Utuado,PR,Test Optional
University of Puget Sound,WA,Test Optional
University of Redlands,CA,Test Optional
University of Rio Grande,OH,Test Optional
University of Rochester,NY,Test Optional
University of Saint Francis-Fort Wayne,IN,Test Optional
University of Saint Joseph,CT,Test Optional
University of Saint Mary,KS,Test Optional
University of San Francisco,CA,Test Optional
University of Science and Arts of Oklahoma,OK,Test Optional
University of Scranton,PA,Test Optional
University of Silicon Valley,CA,Test Optional
University of Sioux Falls,SD,Test Optional
University of South Carolina Beaufort,SC,Test Optional
University of South Carolina-Upstate,SC,Test Optional
University of South Dakota,SD,Test Optional
University of Southern Indiana,IN,Test Optional
University of Southern Maine,ME,Test Optional
University of Southern Mississippi,MS,Test Optional
University of St Francis,IL,Test Optional
University of St Thomas,MN,Test Optional
University of St Thomas,TX,Test Optional
University of the Cumberlands,KY,Test Optional
University of the District of Columbia,DC,Test Optional
University of the Incarnate Word,TX,Test Optional
University of the Ozarks,AR,Test Optional
University of the Pacific,CA,Test Optional
University of the People,--,Test Optional
University of the Potomac-VA Campus,VA,Test Optional
University of the Potomac-Washington DC Campus,DC,Test Optional
University of the Southwest,NM,Test Optional
University of the Virgin Islands-Albert A. Sheen,VI,Test Optional
"University of the Virgin Islands, St. Thomas",VI,Test Optional
University of the West,CA,Test Optional
University of Toledo,OH,Test Optional
University of Tulsa,OK,Test Optional
University of Utah,UT,Test Optional
University of Valley Forge,PA,Test Optional
University of Virginia's College at Wise,VA,Test Optional
University of Washington-Bothell Campus,WA,Test Optional
University of Washington-Seattle Campus,WA,Test Optional
University of Washington-Tacoma Campus,WA,Test Optional
Upper Iowa University,IA,Test Optional
Ursinus College,PA,Test Optional
Ursuline College,OH,Test Optional
Uta Mesivta of Kiryas Joel,NY,Test Optional
Utah State University,UT,Test Optional
Utah Tech University,UT,Test Optional
Utah Valley University,UT,Test Optional
Utica University,NY,Test Optional
Valencia College,FL,Test Optional
Valley City State University,ND,Test Optional
Valley College-Martinsburg,WV,Test Optional
Valor Christian College,OH,Test Optional
VanderCook College of Music,IL,Test Optional
Vanguard University of Southern California,CA,Test Optional
Vassar College,NY,Test Optional
Vaughn College of Aeronautics and Technology,NY,Test Optional
Veritas Baptist College,--,Test Optional
Vermont Technical College,VT,Test Optional
Villa Maria College,NY,Test Optional
Vincennes University,IN,Test Optional
Virginia Commonwealth University,VA,Test Optional
Virginia State University,VA,Test Optional
Virginia University of Lynchburg,VA,Test Optional
Virginia Wesleyan University,VA,Test Optional
Viterbo University,WI,Test Optional
Voorhees University,SC,Test Optional
Wabash College,IN,Test Optional
Wade College,TX,Test Optional
Wagner College,NY,Test Optional
Wake Forest University,NC,Test Optional
Walden University,--,Test Optional
Waldorf University,IA,Test Optional
Walla Walla Community College,WA,Test Optional
Walla Walla University,WA,Test Optional
Walnut Hill College,PA,Test Optional
Walsh University,OH,Test Optional
Warner Pacific University,OR,Test Optional
Warner University,FL,Test Optional
Warren Wilson College,NC,Test Optional
Wartburg College,IA,Test Optional
Washburn University,KS,Test Optional
Washington & Jefferson College,PA,Test Optional
Washington Adventist University,MD,Test Optional
Washington College,MD,Test Optional
Washington State University,WA,Test Free
Washington State University Everett,WA,Test Free
Washington State University Spokane,WA,Test Free
Washington State University Tri-Cities,WA,Test Free
Washington State University Vancouver,WA,Test Free
Washington University in St Louis,MO,Test Optional
Washington University of Science and Technology,--,Test Optional
Wayland Baptist University,TX,Test Optional
Wayne State College,NE,Test Optional
Waynesburg University,PA,Test Optional
Weatherford College,TX,Test Optional
Webb Institute,NY,Test Optional
Webber International University,FL,Test Optional
Weber State University,UT,Test Optional
Webster University,MO,Test Optional
Welch College,TN,Test Optional
Wentworth Institute of Technology,MA,Test Optional
Wesley Biblical Seminary,MS,Test Optional
Wesleyan College,GA,Test Optional
Wesleyan University,CT,Test Optional
West Coast University-Dallas,TX,Test Optional
West Coast University-Los Angeles,CA,Test Optional
West Coast University-Miami,FL,Test Optional
West Coast University-Ontario,CA,Test Optional
West Coast University-Orange County,CA,Test Optional
West Liberty University,WV,Test Optional
West Los Angeles College,CA,Test Optional
West Texas A & M University,TX,Test Optional
West Virginia State University,WV,Test Optional
West Virginia University,WV,Test Optional
West Virginia University at Parkersburg,WV,Test Optional
West Virginia University Institute of Technology,WV,Test Optional
West Virginia Wesleyan College,WV,Test Optional
Westcliff University,CA,Test Optional
Western Colorado University,CO,Test Optional
Western Connecticut State University,CT,Test Optional
Western Governors University,UT,Test Optional
Western Illinois University,IL,Test Optional
Western Kentucky University,KY,Test Optional
Western Michigan University,MI,Test Optional
Western Nevada College,NV,Test Optional
Western New England University,MA,Test Optional
Western New Mexico University,NM,Test Optional
Western Oregon University,OR,Test Optional
Western Technical College,TX,Test Optional
Western Washington University,WA,Test Optional
Western Wyoming Community College,WY,Test Optional
Westfield State University,MA,Test Optional
Westminster College,UT,Test Optional
Westminster College,MO,Test Optional
Westminster College,PA,Test Optional
Westmont College,CA,Test Optional
Wheaton College,IL,Test Optional
Wheaton College (Massachusetts),MA,Test Optional
Wheeling University,WV,Test Optional
Whitman College,WA,Test Optional
Whittier College,CA,Test Free
Whitworth University,WA,Test Optional
Wichita State University,KS,Test Optional
Widener University,PA,Test Optional
Wiley College,TX,Test Optional
Wilkes University,PA,Test Optional
Willamette University,OR,Test Optional
William & Mary,VA,Test Optional
William Jessup University,CA,Test Optional
William Jewell College,MO,Test Optional
William Paterson University of New Jersey,NJ,Test Optional
William Peace University,NC,Test Optional
William Woods University,MO,Test Optional
Wilmington College,OH,Test Optional
Wilmington University,DE,Test Optional
Wilson College,PA,Test Optional
Wingate University,NC,Test Optional
Winona State University,MN,Test Optional
Winthrop University,SC,Test Optional
Wisconsin Lutheran College,WI,Test Optional
Wittenberg University,OH,Test Optional
Wofford College,SC,Test Optional
Women's Institute of Torah Seminary and College,MD,Test Optional
Woodbury University,CA,Test Optional
Worcester State University,MA,Test Optional
World Mission University,CA,Test Optional
Wright State University-Lake Campus,OH,Test Optional
Wright State University-Main Campus,OH,Test Optional
Xavier University,OH,Test Optional
Xavier University of Louisiana,LA,Test Optional
Yakima Valley College,WA,Test Optional
Yellowstone Christian College,MT,Test Optional
Yeshiva Bais Aharon,NJ,Test Optional
Yeshiva D'monsey Rabbinical College,NY,Test Optional
Yeshiva Derech Chaim,NY,Test Optional
Yeshiva Gedolah Imrei Yosef D'spinka,NY,Test Optional
Yeshiva Karlin Stolin,NY,Test Optional
Yeshiva of Nitra Rabbinical College,NY,Test Optional
Yeshiva Ohr Elchonon Chabad West Coast Talmudical Seminary,CA,Test Optional
Yeshiva Shaarei Torah of Rockland,NY,Test Optional
Yeshiva Toras Chaim,NJ,Test Optional
Yeshiva University,NY,Test Optional
Yeshivah Gedolah Rabbinical College,FL,Test Optional
Yeshivath Beth Moshe,PA,Test Optional
Yeshivath Shaar Hatorah,NY,Test Optional
Yeshivath Zichron Moshe,NY,Test Optional
York College of Pennsylvania,PA,Test Optional
York University,NE,Test Optional
Young Harris College,GA,Test Optional
Youngstown State University,OH,Test Optional
Zane State College,OH,Test Optional
Zaytuna College,CA,Test Optional
Abraham Baldwin Agricultural College,GA,Test Optional
Adrian College,MI,Test Optional
Albany State University,GA,Test Optional
Alfred University,NY,Test Optional
Alvernia University,PA,Test Optional
Appalachian State University,NC,Test Optional
Arkansas Tech University,AR,Test Optional
Atlanta Metropolitan State College,GA,Test Optional
Augusta University,GA,Test Optional
Barnard College,NY,Test Optional
Baylor University,TX,Test Optional
Bentley University,MA,Test Optional
Boston College,MA,Test Optional
Boston University,MA,Test Optional
Bowling Green State University-Main Campus,OH,Test Optional
Brigham Young University-Idaho,ID,Test Optional
Bucknell University,PA,Test Optional
Campbell University,NC,Test Optional
Carleton College,MN,Test Optional
Carnegie Mellon University,PA,Test Optional
Cedar Crest College,PA,Test Optional
Claremont McKenna College,CA,Test Optional
Clark Atlanta University,GA,Test Optional
Clayton  State University,GA,Test Optional
Cleveland State University,OH,Test Optional
College of Charleston,SC,Test Optional
College of Coastal Georgia,GA,Test Optional
Colorado Christian University,CO,Test Optional
Columbus State University,GA,Test Optional
Cornell University,NY,Test Optional
Cornerstone University,MI,Test Optional
Covenant College,GA,Test Optional
Dalton State College,GA,Test Optional
Drexel University,PA,Test Optional
Duke University,NC,Test Optional
East Carolina University,NC,Test Optional
East Georgia State College,GA,Test Optional
Eastern Michigan University,MI,Test Optional
Elizabeth City State University,NC,Test Optional
Emory University,GA,Test Optional
Fayetteville State University,NC,Test Optional
Fort Valley State University,GA,Test Optional
Franciscan University of Steubenville,OH,Test Optional
Georgia Gwinnett College,GA,Test Optional
Georgia Highlands College,GA,Test Optional
Georgia Southern University,GA,Test Optional
Georgia Southwestern State University,GA,Test Optional
Gordon State College,GA,Test Optional
Hampden-Sydney College,VA,Test Optional
Harvey Mudd College,CA,Test Optional
Howard University,DC,Test Optional
Indiana University of Pennsylvania-Main Campus,PA,Test Optional
Jewish Theological Seminary of America,NY,Test Optional
John Carroll University,OH,Test Optional
Kennesaw State University,GA,Test Optional
Kenyon College,OH,Test Optional
"Kutztown University of Pennsylvania
",PA,Test Optional
La Salle University,PA,Test Free
Lawrence Technological University,MI,Test Optional
Life University,GA,Test Optional
Lipscomb University,TN,Test Optional
Loyola Marymount University,CA,Test Optional
Massachusetts College of Liberal Arts,MA,Test Free
Massachusetts Maritime Academy,MA,Test Optional
Mercer University,GA,Test Optional
Miami University-Oxford,OH,Test Optional
Middle Georgia State University,GA,Test Optional
Midway University,KY,Test Optional
Misericordia University,PA,Test Free
Missouri University of Science and Technology,MO,Test Optional
Molloy College,NY,Test Optional
Monmouth University,NJ,Test Optional
Morehouse College,GA,Test Optional
New Jersey Institute of Technology,NJ,Test Optional
New Mexico Institute of Mining and Technology,NM,Test Optional
New York University,NY,Test Optional
Norfolk State University,VA,Test Optional
North Carolina A & T State University,NC,Test Optional
North Carolina Central University,NC,Test Optional
North Carolina State University at Raleigh,NC,Test Optional
North Carolina Wesleyan University,NC,Test Free
Northwestern University,IL,Test Optional
Nova Southeastern University,FL,Test Optional
Oakland University,MI,Test Optional
Ohio State University-Main Campus,OH,Test Optional
Oral Roberts University,OK,Test Optional
Pennsylvania State University-Main Campus,PA,Test Optional
Pennsylvania State University-Penn State Abington,PA,Test Optional
Pennsylvania State University-Penn State Altoona,PA,Test Optional
Pennsylvania State University-Penn State Beaver,PA,Test Optional
Pennsylvania State University-Penn State Berks,PA,Test Optional
Pennsylvania State University-Penn State Brandywine,PA,Test Optional
Pennsylvania State University-Penn State DuBois,PA,Test Optional
Pennsylvania State University-Penn State Erie-Behrend College,PA,Test Optional
Pennsylvania State University-Penn State Fayette- Eberly,PA,Test Optional
Pennsylvania State University-Penn State Greater Allegheny,PA,Test Optional
Pennsylvania State University-Penn State Harrisburg,PA,Test Optional
Pennsylvania State University-Penn State Hazleton,PA,Test Optional
Pennsylvania State University-Penn State Lehigh Valley,PA,Test Optional
Pennsylvania State University-Penn State Mont Alto,PA,Test Optional
Pennsylvania State University-Penn State New Kensington,PA,Test Optional
Pennsylvania State University-Penn State Schuylkill,PA,Test Optional
Pennsylvania State University-Penn State Scranton,PA,Test Optional
Pennsylvania State University-Penn State Shenango,PA,Test Optional
Pennsylvania State University-Penn State Wilkes-Barre,PA,Test Optional
Pennsylvania State University-Penn State York,PA,Test Optional
Pennsylvania State University-World Campus,--,Test Optional
Pitzer College,CA,Test Free
Princeton University,NJ,Test Optional
Reed College,OR,Test Free
Rensselaer Polytechnic Institute,NY,Test Optional
Rogers State University,OK,Test Optional
Rose-Hulman Institute of Technology,IN,Test Optional
Rutgers University-Camden,NJ,Test Optional
Rutgers University-New Brunswick,NJ,Test Optional
Saint Norbert College,WI,Test Optional
Samford University,AL,Test Optional
Santa Clara University,CA,Test Optional
Savannah State University,GA,Test Optional
Savannah State University,GA,Test Optional
Schreiner University,TX,Test Optional
South Georgia State College,GA,Test Optional
Spelman College,GA,Test Optional
Stanford University,CA,Test Optional
Stephens College,MO,Test Optional
Stonehill College,MA,Test Free
SUNY at Albany,NY,Test Optional
SUNY College of Agriculture and Technology at Cobleskill,NY,Test Optional
SUNY College of Technology at Canton,NY,Test Optional
SUNY Maritime College,NY,Test Optional
Swarthmore College,PA,Test Optional
Syracuse University,NY,Test Optional
Texas Southern University,TX,Test Optional
Texas Tech University,TX,Test Optional
The Cooper Union for the Advancement of Science and Art,NY,Test Optional
The University of Alabama,AL,Test Optional
The University of Texas Rio Grande Valley,TX,Test Optional
Truett McConnell University,GA,Test Optional
Truman State University,MO,Test Optional
Tulane University of Louisiana,LA,Test Optional
Union University,TN,Test Optional
University of Alabama at Birmingham,AL,Test Optional
University of Alabama in Huntsville,AL,Test Optional
University of Arkansas,AR,Test Optional
University of Cincinnati-Main Campus,OH,Test Optional
University of Delaware,DE,Test Optional
University of Health Sciences and Pharmacy in St. Louis,MO,Test Optional
University of Houston-Clear Lake,TX,Test Optional
University of Houston-Downtown,TX,Test Optional
University of Houston-Victoria,TX,Test Optional
University of Idaho,ID,Test Optional
University of Maryland-Baltimore County,MD,Test Optional
University of Maryland-College Park,MD,Test Optional
University of Miami,FL,Test Optional
University of Minnesota-Morris,MN,Test Optional
University of Minnesota-Rochester,MN,Test Optional
University of Minnesota-Twin Cities,MN,Test Optional
University of Mississippi,MS,Test Optional
University of Missouri-Columbia,MO,Test Optional
University of Missouri-St Louis,MO,Test Optional
University of North Carolina at Asheville,NC,Test Optional
University of North Carolina at Chapel Hill,NC,Test Optional
University of North Carolina at Charlotte,NC,Test Optional
University of North Carolina at Greensboro,NC,Test Optional
University of North Carolina at Pembroke,NC,Test Optional
University of North Carolina School of the Arts,NC,Test Optional
University of North Carolina Wilmington,NC,Test Optional
University of North Georgia,GA,Test Optional
University of Notre Dame,IN,Test Optional
University of Oklahoma-Norman Campus,OK,Test Optional
University of Pennsylvania,PA,Test Optional
University of Pittsburgh-Greensburg,PA,Test Optional
University of Portland,OR,Test Optional
University of Rhode Island,RI,Test Optional
University of Richmond,VA,Test Optional
University of San Diego,CA,Test Free
University of South Alabama,AL,Test Optional
University of South Carolina-Columbia,SC,Test Optional
University of Southern California,CA,Test Optional
University of Virginia-Main Campus,VA,Test Optional
University of West Georgia,GA,Test Optional
University of Wyoming,WY,Test Optional
Valdosta State University,GA,Test Optional
Valparaiso University,IN,Test Optional
Virginia Military Institute,VA,Test Optional
Virginia Polytechnic Institute and State University,VA,Test Optional
Virginia Union University,VA,Test Optional
Washington and Lee University,VA,Test Optional
Wayne State University,MI,Test Optional
Wellesley College,MA,Test Optional
West Chester University of Pennsylvania,PA,Test Optional
Western Carolina University,NC,Test Optional
Williams College,MA,Test Optional
Winston-Salem State University,NC,Test Optional
Brigham Young University,UT,Test Optional
College of Staten Island CUNY,NY,Test Optional
CUNY Bernard M Baruch College,NY,Test Optional
CUNY Brooklyn College,NY,Test Optional
CUNY City College,NY,Test Optional
CUNY Graduate School and University Center,NY,Test Optional
CUNY Hunter College,NY,Test Optional
CUNY John Jay College of Criminal Justice,NY,Test Optional
CUNY Lehman College,NY,Test Optional
CUNY Medgar Evers College,NY,Test Optional
CUNY New York City College of Technology,NY,Test Optional
CUNY Queens College,NY,Test Optional
CUNY York College,NY,Test Optional
Franklin W Olin College of Engineering,MA,Test Optional
Grinnell College,IA,Test Optional
Johns Hopkins University,MD,Test Optional
Middlebury College,VT,Test Optional
Northeastern University,MA,Test Optional
Oberlin College,OH,Test Optional
Seton Hall University,NJ,Test Optional
Stevens Institute of Technology,NJ,Test Optional
Texas Christian University,TX,Test Optional
The College of New Jersey,NJ,Test Optional
Trinity University,TX,Test Optional
Tufts University,MA,Test Optional
University of Central Arkansas,AR,Test Optional
University of Connecticut,CT,Test Optional
University of Connecticut-Avery Point,CT,Test Optional
University of Connecticut-Hartford Campus,CT,Test Optional
University of Connecticut-Stamford,CT,Test Optional
University of Connecticut-Waterbury Campus,CT,Test Optional
University of Michigan-Dearborn,MI,Test Optional
University of Vermont,VT,Test Optional
University of Wisconsin - Madison,WI,Test Optional
University of Wisconsin-Eau Claire,WI,Test Optional
University of Wisconsin-Green Bay,WI,Test Optional
University of Wisconsin-La Crosse,WI,Test Optional
University of Wisconsin-Milwaukee,WI,Test Optional
University of Wisconsin-Oshkosh,WI,Test Optional
University of Wisconsin-Parkside,WI,Test Optional
University of Wisconsin-River Falls,WI,Test Optional
University of Wisconsin-Stevens Point,WI,Test Optional
University of Wisconsin-Stout,WI,Test Optional
University of Wisconsin-Superior,WI,Test Optional
University of Wisconsin-Whitewater,WI,Test Optional
Villanova University,PA,Test Optional
Colgate University,NY,Test Optional
Vanderbilt University,TN,Test Optional
Adelphi University,NY,Test Optional
University of Kentucky,KY,Test Optional
University of Pittsburgh-Pittsburgh Campus,PA,Test Optional
Lafayette College,PA,Test Optional
Worcester Polytechnic Institute,MA,Test Free
